sample_index,phone_idx,phone,ref_dur,gen_dur,ratio
0,0,nu,0.32,0.352,1.0999999999999999
0,1,dˈɔar,0.32,0.384,1.2
0,2,kə,0.32,0.32,1.0
0,3,nuʃʲ,0.32,0.256,0.8
0,4,pjˈerdu,0.352,1.056,3.0000000000000004
0,5,"kˌunoʃtˈintsa,",0.32,0.608,1.9
0,6,tʃˈi,0.32,0.416,1.2999999999999998
0,7,kɨnd,0.32,0.032,0.1
0,8,deskˈise,0.352,0.16,0.4545454545454546
0,9,jˈaɾəʃʲˌʲ,0.32,0.032,0.1
0,10,"ˈokiɪ,",0.32,0.096,0.3
0,11,se,0.32,0.064,0.2
0,12,vəzˈu,0.352,0.16,0.4545454545454546
0,13,ˌobliɡˈatə,0.32,0.096,0.3
0,14,sə,0.32,0.352,1.0999999999999999
0,15,konstˈate,0.32,0.32,1.0
0,16,kə,0.352,0.352,1.0
0,17,se,0.32,0.32,1.0
0,18,simtsˈea,0.32,0.352,1.0999999999999999
0,19,maɪ,0.32,0.288,0.8999999999999999
0,20,bˈine.,0.352,0.288,0.8181818181818181
1,0,"altˈeoɾʲʲ,",0.416,0.48,1.153846153846154
1,1,de,0.416,0.16,0.38461538461538464
1,2,kˈum,0.416,0.416,1.0
1,3,se,0.416,0.48,1.153846153846154
1,4,ˈivea,0.416,0.448,1.076923076923077
1,5,kˈipul,0.416,0.448,1.076923076923077
1,6,zˌɨmbitˈor,0.416,0.448,1.076923076923077
1,7,al,0.416,0.48,1.153846153846154
1,8,"ʒˌaponˈezeɪ,",0.416,0.256,0.6153846153846154
1,9,se,0.416,0.352,0.8461538461538461
1,10,rəzvɾˈətea,0.416,0.448,1.076923076923077
1,11,ˌɨmpotɾˈiva,0.416,0.608,1.4615384615384617
1,12,atʃˈeleɪ,0.416,0.448,1.076923076923077
1,13,ˌintɾuzjˈunʲʲ,0.416,0.448,1.076923076923077
1,14,ɨn,0.416,0.352,0.8461538461538461
1,15,ˌaɡonˈiʲa,0.416,0.32,0.7692307692307693
1,16,jˈeɪ.,0.448,0.544,1.2142857142857144
2,0,unˈeoɾʲʲ,0.256,0.288,1.125
2,1,mə,0.288,0.32,1.1111111111111112
2,2,ɡɨndˈesk,0.256,0.32,1.25
2,3,kə,0.288,0.288,1.0
2,4,ar,0.256,0.224,0.875
2,5,fˈi,0.288,0.096,0.33333333333333337
2,6,fost,0.256,0.32,1.25
2,7,maɪ,0.288,0.32,1.1111111111111112
2,8,bˈine,0.256,0.224,0.875
2,9,sə,0.288,0.256,0.888888888888889
2,10,mə,0.256,0.32,1.25
2,11,fˈi,0.288,0.352,1.2222222222222223
2,12,pˌəɾəsˈit,0.256,0.288,1.125
2,13,dendˈatə,0.288,0.32,1.1111111111111112
2,14,tʃe,0.256,0.288,1.125
2,15,am,0.288,0.384,1.3333333333333335
2,16,dˌeskopeɾˈit,0.256,0.256,1.0
2,17,atʃˌest,0.288,0.064,0.22222222222222224
2,18,"lˈukɾu,",0.256,0.416,1.625
2,19,ku,0.288,0.32,1.1111111111111112
2,20,ʃˈaptespɾezˌetʃe,0.256,0.288,1.125
2,21,ˈanʲʲ,0.288,0.32,1.1111111111111112
2,22,ɨn,0.256,0.288,1.125
2,23,ˈurmə.,0.288,0.32,1.1111111111111112
3,0,"""dˈa.""",0.384,0.416,1.0833333333333333
3,1,"""dar",0.384,0.8,2.0833333333333335
3,2,maɪ,0.384,0.32,0.8333333333333334
3,3,"rˈepedˌe,",0.384,0.544,1.4166666666666667
3,4,və,0.384,0.48,1.25
3,5,"rˈoɡ,",0.384,0.48,1.25
3,6,kɨnd,0.384,0.416,1.0833333333333333
3,7,mi,0.384,0.352,0.9166666666666666
3,8,se,0.384,0.32,0.8333333333333334
3,9,lˈasə,0.384,0.096,0.25
3,10,"ˌalbuʃˈurile.""",0.384,0.032,0.08333333333333333
3,11,apˈukə,0.384,0.384,1.0
3,12,tʃˈeanta,0.384,0.352,0.9166666666666666
3,13,de,0.384,0.384,1.0
3,14,vojˈa,0.384,0.416,1.0833333333333333
3,15,ʃil,0.384,0.416,1.0833333333333333
3,16,tɾˈase,0.384,0.48,1.25
3,17,pe,0.384,0.384,1.0
3,18,bˌaltazˈar,0.384,0.384,1.0
3,19,ˌɨnəˈuntɾu.,0.416,0.416,1.0
4,0,tʃel,0.416,0.384,0.9230769230769231
4,1,kˌaɾe,0.416,0.352,0.8461538461538461
4,2,jeɾˌa,0.416,0.576,1.3846153846153846
4,3,mˈetr,0.416,0.384,0.9230769230769231
4,4,de,0.416,0.352,0.8461538461538461
4,5,"hotˈel,",0.416,0.416,1.0
4,6,ˈi,0.416,0.288,0.6923076923076923
4,7,se,0.416,0.416,1.0
4,8,adɾˈesə,0.416,0.48,1.153846153846154
4,9,tˈineɾˌeɪ,0.416,0.704,1.6923076923076923
4,10,femˈeɪ,0.416,0.512,1.2307692307692308
4,11,ku,0.416,0.416,1.0
4,12,o,0.416,0.352,0.8461538461538461
4,13,kurtˈɔazje,0.416,0.416,1.0
4,14,"ˌekstʃesˈivə,",0.416,0.384,0.9230769230769231
4,15,numˈindo,0.416,0.352,0.8461538461538461
4,16,pɾintsˈesə.,0.448,0.352,0.7857142857142857
5,0,fˈərə,0.384,0.352,0.9166666666666666
5,1,un,0.416,0.544,1.307692307692308
5,2,plˈan,0.384,0.416,1.0833333333333333
5,3,ɨn,0.416,0.672,1.6153846153846156
5,4,"kˈap,",0.416,0.416,1.0
5,5,fˈərə,0.384,0.544,1.4166666666666667
5,6,o,0.416,0.448,1.076923076923077
5,7,stɾˌatedʒˈiʲe,0.384,0.224,0.5833333333333334
5,8,"pɾˌestabilˈitə,",0.416,0.352,0.8461538461538461
5,9,tɾˌebujˈa,0.416,0.48,1.153846153846154
5,10,sˌəmʲʲ,0.384,0.416,1.0833333333333333
5,11,kˌoɾoboɾˈez,0.416,0.544,1.307692307692308
5,12,ˌipotˈeza.,0.416,0.416,1.0
6,0,abjˈa,0.352,0.416,1.1818181818181819
6,1,ku,0.352,0.384,1.090909090909091
6,2,tezˈɨn,0.352,0.384,1.090909090909091
6,3,səl,0.352,0.352,1.0
6,4,"atˈiŋɡə,",0.384,0.064,0.16666666666666666
6,5,de,0.352,0.64,1.8181818181818183
6,6,tˈeamə,0.352,0.352,1.0
6,7,kə,0.352,0.32,0.9090909090909092
6,8,o,0.352,0.352,1.0
6,9,stˌɨŋɡətʃˈiʲe,0.384,0.448,1.1666666666666667
6,10,din,0.352,0.256,0.7272727272727273
6,11,pˈartea,0.352,0.16,0.4545454545454546
6,12,jeɪ,0.352,0.352,1.0
6,13,lar,0.352,0.352,1.0
6,14,fˈi,0.384,0.448,1.1666666666666667
6,15,putˈut,0.352,0.32,0.9090909090909092
6,16,fˌatʃe,0.352,0.256,0.7272727272727273
6,17,sə,0.352,0.16,0.4545454545454546
6,18,"dispˈaɾə,",0.352,0.352,1.0
6,19,ˌɨŋɡəimˈase.,0.384,0.416,1.0833333333333333
7,0,ɨl,0.288,0.096,0.33333333333333337
7,1,ˌauzˈeam,0.288,0.32,1.1111111111111112
7,2,respiɾˈɨnd,0.288,0.288,1.0
7,3,ɡɾˈeʊ,0.288,0.352,1.2222222222222223
7,4,atˈuntʃʲ,0.288,0.32,1.1111111111111112
7,5,kɨnd,0.288,0.32,1.1111111111111112
7,6,urkˈa,0.288,0.32,1.1111111111111112
7,7,skˈaɾa,0.32,0.288,0.8999999999999999
7,8,ka,0.288,0.288,1.0
7,9,sə,0.288,0.32,1.1111111111111112
7,10,vˈinə,0.288,0.32,1.1111111111111112
7,11,pˈɨnə,0.288,0.288,1.0
7,12,ɨn,0.288,0.256,0.888888888888889
7,13,kˈameɾˌa,0.288,0.256,0.888888888888889
7,14,"mˈea,",0.32,0.192,0.6
7,15,ˈunde,0.288,0.288,1.0
7,16,mə,0.288,0.288,1.0
7,17,ˌɨnkəpˌətsɨnˈeam,0.288,0.288,1.0
7,18,sə,0.288,0.288,1.0
7,19,rəmˈɨn,0.288,0.288,1.0
7,20,ku,0.288,0.256,0.888888888888889
7,21,zilˈele.,0.32,0.352,1.0999999999999999
8,0,ku,0.416,0.384,0.9230769230769231
8,1,"sˌiɡuɾˈantsə,",0.416,0.384,0.9230769230769231
8,2,dˌatoɾˈitə,0.416,0.128,0.3076923076923077
8,3,fˈaptuluɪ,0.416,0.416,1.0
8,4,kə,0.416,0.448,1.076923076923077
8,5,atʃˈeste,0.416,0.48,1.153846153846154
8,6,sˌentimˈente,0.416,0.416,1.0
8,7,jeɾˌaʊ,0.416,0.608,1.4615384615384617
8,8,pɾezˈente,0.448,0.48,1.0714285714285714
8,9,ɨn,0.416,0.512,1.2307692307692308
8,10,fˈiɾea,0.416,0.384,0.9230769230769231
8,11,"jˈeɪ,",0.416,0.32,0.7692307692307693
8,12,le,0.416,0.192,0.46153846153846156
8,13,rˌekunˈoʃtea,0.416,0.416,1.0
8,14,jˈute,0.416,0.48,1.153846153846154
8,15,la,0.416,0.448,1.076923076923077
8,16,tʃˌeilˈaltsʲʲ.,0.448,0.64,1.4285714285714286
9,0,pɾˈets,0.48,0.512,1.0666666666666667
9,1,de,0.48,0.544,1.1333333333333335
9,2,kˌɨtevˈa,0.48,0.352,0.7333333333333333
9,3,"sekˈunde,",0.48,0.192,0.4
9,4,elˈen,0.48,0.48,1.0
9,5,ˈɨʃʲʲ,0.48,0.416,0.8666666666666667
9,6,deskˈise,0.48,0.512,1.0666666666666667
9,7,"bɾatsˈele,",0.48,0.352,0.7333333333333333
9,8,ˈɨʃʲʲ,0.48,0.192,0.4
9,9,dˌomolʲˈi,0.48,0.352,0.7333333333333333
9,10,respiɾˈatsja,0.48,0.448,0.9333333333333333
9,11,ʃi,0.48,0.416,0.8666666666666667
9,12,se,0.48,0.512,1.0666666666666667
9,13,pɾˌeɡətʲˈi,0.48,0.096,0.2
9,14,sə,0.48,0.032,0.06666666666666667
9,15,se,0.48,0.544,1.1333333333333335
9,16,stˈiŋɡə.,0.48,0.448,0.9333333333333333
10,0,va,0.288,0.288,1.0
10,1,tsˈine,0.288,0.32,1.1111111111111112
10,2,pjˈept,0.288,0.32,1.1111111111111112
10,3,ku,0.288,0.256,0.888888888888889
10,4,ˌɨnverʃunˈaɾe,0.32,0.416,1.2999999999999998
10,5,kˈɨt,0.288,0.576,2.0
10,6,va,0.288,0.288,1.0
10,7,putˌea,0.288,0.256,0.888888888888889
10,8,de,0.288,0.16,0.5555555555555556
10,9,mˈult,0.32,0.032,0.1
10,10,spɾˈe,0.288,0.256,0.888888888888889
10,11,a,0.288,0.32,1.1111111111111112
10,12,ˌevitˈa,0.288,0.288,1.0
10,13,sˌəʃʲʲ,0.288,0.288,1.0
10,14,rˈea,0.32,0.352,1.0999999999999999
10,15,lˈokul,0.288,0.352,1.2222222222222223
10,16,ɨn,0.288,0.288,1.0
10,17,fˈerma,0.288,0.224,0.7777777777777779
10,18,fˌamilˈiʲeɪ.,0.32,0.352,1.0999999999999999
11,0,pˌentɾu,0.352,0.064,0.18181818181818182
11,1,kə,0.352,0.096,0.27272727272727276
11,2,jeɾˌa,0.352,0.256,0.7272727272727273
11,3,de,0.352,0.16,0.4545454545454546
11,4,o,0.352,0.256,0.7272727272727273
11,5,oɾˈidʒinˌe,0.352,0.352,1.0
11,6,"modˈestə,",0.352,0.448,1.272727272727273
11,7,pˌentɾu,0.352,0.352,1.0
11,8,kə,0.352,0.384,1.090909090909091
11,9,jeɾˌa,0.352,0.384,1.090909090909091
11,10,de,0.352,3.904,11.090909090909092
11,11,o,0.352,0.48,1.3636363636363638
11,12,ˌintelidʒˈentsə,0.384,0.32,0.8333333333333334
11,13,"mˈedje,",0.352,0.48,1.3636363636363638
11,14,pˌentɾu,0.352,0.384,1.090909090909091
11,15,kə,0.352,0.352,1.0
11,16,venˈea,0.352,0.352,1.0
11,17,ku,0.352,0.704,2.0
11,18,ˌaʊtobˈuzul,0.352,0.352,1.0
11,19,dˌela,0.352,0.608,1.7272727272727273
11,20,"kˌarleɾˈoj,",0.352,0.352,1.0
11,21,oɾˈaʃ,0.352,0.256,0.7272727272727273
11,22,minjˈer,0.352,0.32,0.9090909090909092
11,23,"dˌezafektˈat,",0.352,0.288,0.8181818181818181
11,24,ˌɨi,0.352,0.192,0.5454545454545455
11,25,fəkˈu,0.384,0.416,1.0833333333333333
11,26,plətʃˈeɾe,0.352,0.16,0.4545454545454546
11,27,sə,0.352,0.416,1.1818181818181819
11,28,dˌeskopˈeɾe,0.352,0.384,1.090909090909091
11,29,kə,0.352,0.384,1.090909090909091
11,30,le,0.352,0.352,1.0
11,31,je,0.352,0.352,1.0
11,32,sˌupeɾjɔˈaɾə,0.352,0.32,0.9090909090909092
11,33,tʃelor,0.352,0.544,1.5454545454545456
11,34,din,0.352,0.256,0.7272727272727273
11,35,"bɾˌukselˈes,",0.352,0.384,1.090909090909091
11,36,məkˈar,0.352,0.512,1.4545454545454546
11,37,ka,0.352,0.288,0.8181818181818181
11,38,fˈatsə.,0.384,0.608,1.5833333333333333
12,0,odˈil,0.256,0.32,1.25
12,1,jeɾˌa,0.288,0.384,1.3333333333333335
12,2,atˈɨt,0.288,0.32,1.1111111111111112
12,3,de,0.288,0.256,0.888888888888889
12,4,zɡudwˈitə,0.288,0.32,1.1111111111111112
12,5,de,0.288,0.576,2.0
12,6,duɾˈeɾe,0.288,0.384,1.3333333333333335
12,7,kə,0.288,0.448,1.5555555555555558
12,8,pɾˈintɾe,0.288,0.672,2.3333333333333335
12,9,stɾˈiɡəte,0.288,0.384,1.3333333333333335
12,10,ʃi,0.256,0.832,3.25
12,11,lˈakɾi,0.288,0.16,0.5555555555555556
12,12,nu,0.288,0.032,0.11111111111111112
12,13,maɪ,0.288,0.32,1.1111111111111112
12,14,pɾˌitʃepˈun,0.288,0.32,1.1111111111111112
12,15,nimˈik,0.288,0.384,1.3333333333333335
12,16,din,0.288,0.288,1.0
12,17,tʃe,0.288,0.384,1.3333333333333335
12,18,ˌɨi,0.288,0.352,1.2222222222222223
12,19,se,0.288,0.256,0.888888888888889
12,20,spˈune.,0.288,0.256,0.888888888888889
13,0,la,0.288,0.288,1.0
13,1,un,0.32,0.384,1.2
13,2,ˈan,0.32,0.384,1.2
13,3,dˈupə,0.32,0.352,1.0999999999999999
13,4,kˌəsətoɾjˈa,0.32,0.384,1.2
13,5,pe,0.32,0.32,1.0
13,6,kˌaɾe,0.32,0.352,1.0999999999999999
13,7,o,0.32,0.064,0.2
13,8,dˈeskɾja,0.32,0.32,1.0
13,9,dɾˈept,0.32,0.256,0.8
13,10,tʃea,0.32,0.288,0.8999999999999999
13,11,maɪ,0.32,0.576,1.7999999999999998
13,12,fɾumˈɔasə,0.32,0.352,1.0999999999999999
13,13,zˈi,0.32,0.096,0.3
13,14,a,0.32,0.288,0.8999999999999999
13,15,vjˈetsiɪ,0.32,0.48,1.5
13,16,"jˈeɪ,",0.288,0.256,0.888888888888889
13,17,ˌadusˈese,0.32,0.384,1.2
13,18,pe,0.32,0.352,1.0999999999999999
13,19,lˈume,0.32,0.8,2.5
13,20,un,0.32,0.256,0.8
13,21,kopˈil,0.32,0.288,0.8999999999999999
13,22,kˌaɾe,0.32,0.352,1.0999999999999999
13,23,ˌɨi,0.32,0.32,1.0
13,24,se,0.32,0.288,0.8999999999999999
13,25,pəɾˈu,0.32,0.256,0.8
13,26,uɾˈɨt,0.32,0.192,0.6
13,27,ʃi,0.32,0.096,0.3
13,28,blˈeɡ,0.32,0.096,0.3
13,29,atˈuntʃʲ,0.32,0.32,1.0
13,30,kɨnd,0.32,0.32,1.0
13,31,ɨl,0.32,0.32,1.0
13,32,ˌaɾətˈaɾə.,0.32,0.32,1.0
14,0,o,0.256,0.256,1.0
14,1,ˌobliɡˈase,0.256,0.224,0.875
14,2,sə,0.256,0.224,0.875
14,3,ˌinsinwˈeze,0.256,0.288,1.125
14,4,kə,0.256,0.32,1.25
14,5,tablˈoʊl,0.288,0.352,1.2222222222222223
14,6,jeɪ,0.256,0.352,1.375
14,7,semnˈat,0.256,0.256,1.0
14,8,de,0.256,0.288,1.125
14,9,pikˈaso,0.256,0.192,0.75
14,10,jeɾˌa,0.256,0.288,1.125
14,11,fˈals,0.288,0.288,1.0
14,12,ka,0.256,0.288,1.125
14,13,sə,0.256,0.256,1.0
14,14,o,0.256,0.192,0.75
14,15,fˈakə,0.256,0.256,1.0
14,16,sə,0.256,0.224,0.875
14,17,kɾˈeadə,0.288,0.32,1.1111111111111112
14,18,kə,0.256,0.352,1.375
14,19,jeɾˌa,0.256,0.32,1.25
14,20,vˈorba,0.256,0.256,1.0
14,21,de,0.256,0.32,1.25
14,22,unul,0.256,0.288,1.125
14,23,ˌadevəɾˈat.,0.288,0.224,0.7777777777777779
15,0,se,0.384,1.312,3.4166666666666665
15,1,mentsˈinea,0.416,0.032,0.07692307692307693
15,2,ɨn,0.416,0.32,0.7692307692307693
15,3,"fˈormə,",0.416,0.032,0.07692307692307693
15,4,purtˈa,0.416,0.32,0.7692307692307693
15,5,meɾˈeʊ,0.416,0.096,0.23076923076923078
15,6,atʃˈelaʃʲˌʲ,0.416,0.352,0.8461538461538461
15,7,lukɾˈurʲ,0.416,0.448,1.076923076923077
15,8,ʃiʲ,0.416,0.448,1.076923076923077
15,9,ˌaʃteptˈa,0.416,0.128,0.3076923076923077
15,10,nˈɔaptea,0.416,0.352,0.8461538461538461
15,11,ka,0.416,0.416,1.0
15,12,pe,0.416,0.384,0.9230769230769231
15,13,o,0.416,0.48,1.153846153846154
15,14,ˌelibeɾˈaɾe.,0.416,0.384,0.9230769230769231
16,0,ɨn,0.352,0.32,0.9090909090909092
16,1,fjekˈaɾe,0.384,0.384,1.0
16,2,zˈi,0.384,0.192,0.5
16,3,venˈeaw,0.384,0.096,0.25
16,4,la,0.384,0.416,1.0833333333333333
16,5,dˈavid,0.352,0.32,0.9090909090909092
16,6,ˈɔamenʲˌʲ,0.384,0.224,0.5833333333333334
16,7,ka,0.384,0.384,1.0
16,8,səl,0.384,0.352,0.9166666666666666
16,9,"aʒˈute,",0.384,0.448,1.1666666666666667
16,10,pˈɨnə,0.352,0.16,0.4545454545454546
16,11,kɨnd,0.384,0.416,1.0833333333333333
16,12,tˈabəɾˌa,0.384,0.384,1.0
16,13,luɪ,0.384,0.384,1.0
16,14,a,0.384,0.096,0.25
16,15,aʒˈuns,0.352,0.288,0.8181818181818181
16,16,ka,0.384,0.384,1.0
16,17,tˈabəɾˌa,0.384,0.384,1.0
16,18,luɪ,0.384,0.352,0.9166666666666666
16,19,dˌumnezˈeʊ.,0.384,0.48,1.25
17,0,jel,0.352,0.224,0.6363636363636365
17,1,a,0.384,0.352,0.9166666666666666
17,2,fəkˈut,0.352,0.32,0.9090909090909092
17,3,tʃˌeea,0.384,0.416,1.0833333333333333
17,4,tʃe,0.384,0.384,1.0
17,5,jˌeste,0.352,0.352,1.0
17,6,rˈəʊ,0.384,0.416,1.0833333333333333
17,7,ˌɨnaˈintea,0.384,0.384,1.0
17,8,okˈilor,0.352,0.384,1.090909090909091
17,9,dˈomnuluɪ,0.384,0.16,0.4166666666666667
17,10,ʃʲa,0.384,0.416,1.0833333333333333
17,11,umblˈat,0.352,0.288,0.8181818181818181
17,12,pe,0.384,0.384,1.0
17,13,kˈalea,0.384,0.416,1.0833333333333333
17,14,tatˈəluɪ,0.352,0.384,1.090909090909091
17,15,"sˈəʊ,",0.384,0.32,0.8333333333333334
17,16,pe,0.384,0.288,0.7499999999999999
17,17,kˈalea,0.352,0.32,0.9090909090909092
17,18,mˈameɪ,0.384,0.352,0.9166666666666666
17,19,sale,0.384,0.416,1.0833333333333333
17,20,ʃi,0.352,0.416,1.1818181818181819
17,21,pe,0.384,0.352,0.9166666666666666
17,22,kˈalea,0.384,0.448,1.1666666666666667
17,23,luɪ,0.352,0.352,1.0
17,24,"jˌeɾobˈɔam,",0.384,0.608,1.5833333333333333
17,25,fˈiʊl,0.384,0.416,1.0833333333333333
17,26,luɪ,0.352,0.384,1.090909090909091
17,27,"nebˈat,",0.384,0.288,0.7499999999999999
17,28,tʃel,0.384,0.352,0.9166666666666666
17,29,karˌela,0.352,0.352,1.0
17,30,fəkˈut,0.384,0.352,0.9166666666666666
17,31,pe,0.384,0.32,0.8333333333333334
17,32,ˌisɾaˈel,0.352,0.416,1.1818181818181819
17,33,sə,0.384,0.416,1.0833333333333333
17,34,pˌəkətwjˈaskə.,0.384,0.544,1.4166666666666667
18,0,dˈutʃetsʲˌivə,0.448,0.448,1.0
18,1,la,0.448,0.448,1.0
18,2,mˈunte,0.448,0.224,0.5
18,3,ʃiʲ,0.448,0.352,0.7857142857142857
18,4,adˈutʃetsʲˌʲ,0.448,0.384,0.8571428571428571
18,5,ramˈurʲ,0.448,0.352,0.7857142857142857
18,6,de,0.448,0.48,1.0714285714285714
18,7,"məslˈin,",0.48,0.512,1.0666666666666667
18,8,ramˈurʲ,0.448,0.224,0.5
18,9,de,0.448,0.48,1.0714285714285714
18,10,məslˈin,0.448,0.48,1.0714285714285714
18,11,"səlbˈatik,",0.448,0.192,0.42857142857142855
18,12,ramˈurʲ,0.448,0.064,0.14285714285714285
18,13,de,0.448,0.192,0.42857142857142855
18,14,"mˈirt,",0.448,0.16,0.35714285714285715
18,15,ramˈurʲ,0.48,0.352,0.7333333333333333
18,16,de,0.448,0.352,0.7857142857142857
18,17,palmjˈer,0.448,0.256,0.5714285714285714
18,18,ʃi,0.448,0.352,0.7857142857142857
18,19,ramˈurʲ,0.448,0.096,0.21428571428571427
18,20,de,0.448,0.384,0.8571428571428571
18,21,ˈaltsʲʲ,0.448,0.416,0.9285714285714285
18,22,kopˈatʃʲ,0.448,0.224,0.5
18,23,"stufˈoʃʲʲ,",0.48,0.128,0.26666666666666666
18,24,ka,0.448,0.096,0.21428571428571427
18,25,sə,0.448,0.032,0.07142857142857142
18,26,fˈatʃetsʲˌʲ,0.448,0.16,0.35714285714285715
18,27,kortˈurʲ,0.448,0.224,0.5
18,28,aʃˈa,0.448,0.096,0.21428571428571427
18,29,kˈum,0.448,0.224,0.5
18,30,jˌeste,0.448,0.224,0.5
18,31,skɾˈis.,0.48,0.544,1.1333333333333335
19,0,"ahˈab,",0.48,0.448,0.9333333333333333
19,1,redʒˈele,0.48,0.416,0.8666666666666667
19,2,luɪ,0.48,0.32,0.6666666666666667
19,3,"ˌisɾaˈel,",0.48,0.512,1.0666666666666667
19,4,la,0.48,0.416,0.8666666666666667
19,5,ˌɨntɾebˈat,0.48,0.48,1.0
19,6,pe,0.48,0.32,0.6666666666666667
19,7,"ʒˌehoʃafˈat,",0.48,0.512,1.0666666666666667
19,8,redʒˈele,0.48,0.64,1.3333333333333335
19,9,luɪ,0.48,0.416,0.8666666666666667
19,10,jˈuda.,0.48,0.48,1.0
20,0,"efˈah,",0.416,0.384,0.9230769230769231
20,1,tsiɪtˈɔaɾea,0.448,0.608,1.357142857142857
20,2,luɪ,0.448,0.48,1.0714285714285714
20,3,"kalˈeb,",0.448,0.448,1.0
20,4,ˈiʲa,0.448,0.48,1.0714285714285714
20,5,nəskˈut,0.448,0.288,0.6428571428571428
20,6,pe,0.448,0.448,1.0
20,7,"haɾˈan,",0.448,0.448,1.0
20,8,pe,0.448,0.32,0.7142857142857143
20,9,mˈotsa,0.448,0.416,0.9285714285714285
20,10,ʃi,0.448,0.352,0.7857142857142857
20,11,pe,0.448,0.224,0.5
20,12,ɡazˈez.,0.448,0.48,1.0714285714285714
21,0,ɨn,0.416,0.352,0.8461538461538461
21,1,zˈiwa,0.448,0.416,0.9285714285714285
21,2,"atʃˈeɪa,",0.448,0.48,1.0714285714285714
21,3,dˌeboɾˈah,0.448,0.448,1.0
21,4,ʃi,0.448,0.448,1.0
21,5,"baɾˈak,",0.448,0.448,1.0
21,6,fˈiʊl,0.448,0.48,1.0714285714285714
21,7,luɪ,0.448,0.48,1.0714285714285714
21,8,"ˌabinˈɔam,",0.448,0.448,1.0
21,9,aʊ,0.448,0.384,0.8571428571428571
21,10,kɨntˈat,0.448,0.416,0.9285714285714285
21,11,"zikˈɨnd,",0.448,0.448,1.0
21,12,kɨnd,0.416,0.16,0.38461538461538464
21,13,kˌəpetenʲˈile,0.448,0.256,0.5714285714285714
21,14,saʊ,0.448,0.416,0.9285714285714285
21,15,ˌaʃezˈat,0.448,0.448,1.0
21,16,ɨn,0.448,0.448,1.0
21,17,fɾˈuntea,0.448,0.448,1.0
21,18,luɪ,0.448,0.512,1.1428571428571428
21,19,"ˌisɾaˈel,",0.448,0.512,1.1428571428571428
21,20,popˈorul,0.448,0.448,1.0
21,21,a,0.448,0.512,1.1428571428571428
21,22,mˈers,0.448,0.512,1.1428571428571428
21,23,de,0.448,0.48,1.0714285714285714
21,24,bˌunəvˈoje.,0.448,0.448,1.0
22,0,sˈotsja,0.384,0.384,1.0
22,1,ˈomuluɪ,0.416,0.288,0.6923076923076923
22,2,a,0.384,0.16,0.4166666666666667
22,3,lwˈato,0.416,0.352,0.8461538461538461
22,4,ɨn,0.384,0.352,0.9166666666666666
22,5,"vˌelitˈɔaɾe,",0.416,0.384,0.9230769230769231
22,6,a,0.384,0.416,1.0833333333333333
22,7,ɨntˈinso,0.416,0.384,0.9230769230769231
22,8,pˈeste,0.384,0.384,1.0
22,9,ɡˈuɾa,0.416,0.448,1.076923076923077
22,10,fɨntˈɨniɪ,0.384,0.384,1.0
22,11,ʃʲa,0.416,0.416,1.0
22,12,ˌɨmpɾəʃtjˈat,0.384,0.288,0.7499999999999999
22,13,nˌiʃte,0.416,0.384,0.9230769230769231
22,14,ɡɾˈɨne,0.384,0.352,0.9166666666666666
22,15,pe,0.416,0.544,1.307692307692308
22,16,jˈa.,0.416,0.384,0.9230769230769231
23,0,ɨn,0.48,0.448,0.9333333333333333
23,1,zilˈele,0.512,0.512,1.0
23,2,"sˈale,",0.512,0.32,0.625
23,3,fˌaɾaˈonul,0.512,0.448,0.875
23,4,"nˈeko,",0.512,0.48,0.9375
23,5,redʒˈele,0.512,0.512,1.0
23,6,"edʒˈiptuluɪ,",0.512,0.576,1.125
23,7,a,0.512,0.48,0.9375
23,8,venˈit,0.512,0.448,0.875
23,9,la,0.512,0.512,1.0
23,10,rˈyʊl,0.512,0.544,1.0625
23,11,ˌeufɾˈat,0.512,0.512,1.0
23,12,la,0.512,0.512,1.0
23,13,ˌɨmpəɾˈatul,0.512,0.544,1.0625
23,14,ˌasiɾˈiʲeɪ.,0.512,0.48,0.9375
24,0,sˌemintsˈiɪle,0.384,0.32,0.8333333333333334
24,1,luɪ,0.384,0.288,0.7499999999999999
24,2,ˌisɾaˈel,0.384,0.384,1.0
24,3,aʊ,0.384,0.32,0.8333333333333334
24,4,tɾimˈis,0.416,0.224,0.5384615384615385
24,5,nˌiʃte,0.384,0.384,1.0
24,6,bərbˈatsʲʲ,0.384,0.416,1.0833333333333333
24,7,pɾin,0.384,0.384,1.0
24,8,tˈɔate,0.416,0.512,1.2307692307692308
24,9,fˌamilˈiɪle,0.384,0.352,0.9166666666666666
24,10,luɪ,0.384,0.352,0.9166666666666666
24,11,bˌenjamˈin,0.384,0.384,1.0
24,12,sə,0.416,0.256,0.6153846153846154
24,13,le,0.384,0.16,0.4166666666666667
24,14,"spˈunə,",0.384,0.192,0.5
24,15,tʃe,0.384,0.16,0.4166666666666667
24,16,ɨnsˈeamnə,0.416,1.344,3.2307692307692313
24,17,rˈəʊl,0.384,0.384,1.0
24,18,atʃˌesta,0.384,0.448,1.1666666666666667
24,19,kˌaɾe,0.384,0.48,1.25
24,20,a,0.416,0.448,1.076923076923077
24,21,avˈut,0.384,0.224,0.5833333333333334
24,22,lˈok,0.384,0.384,1.0
24,23,pɾˈintɾe,0.384,0.736,1.9166666666666665
24,24,vˈoj?,0.416,0.512,1.2307692307692308
25,0,kɨnd,0.384,0.384,1.0
25,1,a,0.384,0.416,1.0833333333333333
25,2,vəzˈut,0.384,0.416,1.0833333333333333
25,3,"popˈorul,",0.384,0.544,1.4166666666666667
25,4,ɡaˈal,0.416,0.448,1.076923076923077
25,5,ˈiʲa,0.384,0.32,0.8333333333333334
25,6,zˈis,0.384,0.384,1.0
25,7,luɪ,0.384,0.32,0.8333333333333334
25,8,"zˈebul,",0.416,0.16,0.38461538461538464
25,9,jˈatə,0.384,0.384,1.0
25,10,un,0.384,0.384,1.0
25,11,popˈor,0.384,0.384,1.0
25,12,kˌaɾe,0.416,0.384,0.9230769230769231
25,13,kobˈɔaɾə,0.384,0.48,1.25
25,14,dˈinspɾe,0.384,0.384,1.0
25,15,vɨrfˈurile,0.384,0.384,1.0
25,16,muntsʲˈilor.,0.416,0.416,1.0
26,0,"ʒˌudekətˈoɾʲʲ,",0.608,0.192,0.31578947368421056
26,1,kapˈitolul,0.64,0.096,0.15
26,2,pˈaɪspɾezˌetʃe,0.608,0.288,0.47368421052631576
26,3,kˌəsətoɾjˈa,0.64,0.288,0.44999999999999996
26,4,luɪ,0.608,0.224,0.368421052631579
26,5,samsˈon,0.64,0.032,0.05
26,6,samsˈon,0.64,1.856,2.9
26,7,sa,0.608,0.608,1.0
26,8,dˈus,0.64,0.416,0.6499999999999999
26,9,la,0.608,0.032,0.052631578947368425
26,10,tˈimna,0.64,0.128,0.2
26,11,ʃʲa,0.608,0.352,0.5789473684210527
26,12,vəzˈut,0.64,0.448,0.7
26,13,akˈolo,0.64,0.544,0.8500000000000001
26,14,o,0.608,0.8,1.3157894736842106
26,15,femˈeje,0.64,0.736,1.15
26,16,dˈintɾe,0.608,0.608,1.0
26,17,fetˈele,0.64,0.352,0.5499999999999999
26,18,fˌilistenʲˈilor.,0.64,0.64,1.0
27,0,tʃˈintʃʲ,0.576,0.032,0.05555555555555556
27,1,jeɪ,0.576,0.576,1.0
27,2,aʊ,0.576,0.544,0.9444444444444445
27,3,ˌaskultˈat,0.576,0.544,0.9444444444444445
27,4,kˌuvintˈele,0.608,0.608,1.0
27,5,"dˈomnuluɪ,",0.576,0.544,0.9444444444444445
27,6,saʊ,0.576,0.448,0.7777777777777779
27,7,ɨntˈors,0.576,0.672,1.1666666666666667
27,8,akˈasə,0.608,0.128,0.2105263157894737
27,9,ʃi,0.576,0.512,0.888888888888889
27,10,ˈastfel,0.576,0.224,0.38888888888888895
27,11,naʊ,0.576,0.608,1.0555555555555556
27,12,maɪ,0.576,0.608,1.0555555555555556
27,13,pornˈit,0.608,0.448,0.736842105263158
27,14,ˌɨmpotɾˈiva,0.576,0.608,1.0555555555555556
27,15,luɪ,0.576,0.224,0.38888888888888895
27,16,"jˌeɾobˈɔam,",0.576,0.032,0.05555555555555556
27,17,dˈomnja,0.608,0.032,0.052631578947368425
27,18,luɪ,0.576,0.128,0.22222222222222224
27,19,robˈɔam,0.576,0.032,0.05555555555555556
27,20,pˈeste,0.576,0.096,0.16666666666666669
27,21,jˈuda.,0.608,0.672,1.105263157894737
28,0,nu,0.384,0.384,1.0
28,1,spˈunetsʲ,0.384,0.448,1.1666666666666667
28,2,lˈukrul,0.416,0.416,1.0
28,3,atʃˌesta,0.384,0.256,0.6666666666666666
28,4,ɨŋɡˈat,0.416,0.256,0.6153846153846154
28,5,ʃi,0.384,0.032,0.08333333333333333
28,6,nul,0.416,0.224,0.5384615384615385
28,7,vestˈitsʲʲ,0.384,0.32,0.8333333333333334
28,8,pe,0.416,0.384,0.9230769230769231
28,9,stɾəzʲˈile,0.384,0.512,1.3333333333333333
28,10,"ˌaʃkelˈonuluɪ,",0.384,0.32,0.8333333333333334
28,11,ka,0.416,0.384,0.9230769230769231
28,12,nu,0.384,0.416,1.0833333333333333
28,13,kumvˈa,0.416,0.384,0.9230769230769231
28,14,sə,0.384,0.352,0.9166666666666666
28,15,se,0.416,0.416,1.0
28,16,bukˈuɾe,0.384,0.352,0.9166666666666666
28,17,fetˈele,0.416,0.288,0.6923076923076923
28,18,"fˌilistenʲˈilor,",0.384,0.416,1.0833333333333333
28,19,ka,0.384,0.352,0.9166666666666666
28,20,nu,0.416,0.288,0.6923076923076923
28,21,kumvˈa,0.384,0.416,1.0833333333333333
28,22,sə,0.416,0.448,1.076923076923077
28,23,stɾˈidʒe,0.384,0.384,1.0
28,24,de,0.416,0.384,0.9230769230769231
28,25,bukˈuɾje,0.384,0.352,0.9166666666666666
28,26,fetˈele,0.416,0.352,0.8461538461538461
28,27,tʃelor,0.384,0.384,1.0
28,28,nˌetʃirkumtʃˈiʃʲʲ.,0.416,0.384,0.9230769230769231
29,0,voj,0.352,0.288,0.8181818181818181
29,1,ˈɨnsə,0.352,0.384,1.090909090909091
29,2,nu,0.384,0.384,1.0
29,3,və,0.352,0.416,1.1818181818181819
29,4,"opɾˈitsʲʲ,",0.352,0.256,0.7272727272727273
29,5,tʃˈi,0.384,0.416,1.0833333333333333
29,6,kˌontinwˈatsʲʲ,0.352,0.352,1.0
29,7,səɪ,0.352,0.384,1.090909090909091
29,8,ˌurməɾˈitsʲʲ,0.384,0.352,0.9166666666666666
29,9,pe,0.352,0.352,1.0
29,10,duʃmˈaniɪ,0.352,0.416,1.1818181818181819
29,11,vˌoʃtɾi,0.384,0.384,1.0
29,12,ʃi,0.352,0.064,0.18181818181818182
29,13,səɪ,0.352,0.032,0.09090909090909091
29,14,lovˈitsʲʲ,0.384,0.416,1.0833333333333333
29,15,din,0.352,0.288,0.8181818181818181
29,16,ˈurmə,0.352,0.416,1.1818181818181819
29,17,pˈɨnə,0.384,0.352,0.9166666666666666
29,18,ˌɨi,0.352,0.288,0.8181818181818181
29,19,vˈezʲʲ,0.352,0.352,1.0
29,20,nˈimitʃˌiɪ.,0.384,0.384,1.0
30,0,"jˈatə,",0.48,0.416,0.8666666666666667
30,1,din,0.48,0.064,0.13333333333333333
30,2,kaˈuza,0.48,0.416,0.8666666666666667
30,3,"atʃˈeasta,",0.48,0.416,0.8666666666666667
30,4,stɾəmˈoʃiɪ,0.48,0.448,0.9333333333333333
30,5,nˌoʃtɾiʲ,0.512,0.48,0.9375
30,6,aʊ,0.48,0.384,0.8
30,7,kəzˈut,0.48,0.512,1.0666666666666667
30,8,lovˈitsʲʲ,0.48,0.48,1.0
30,9,de,0.48,0.48,1.0
30,10,"sˈabje,",0.48,0.544,1.1333333333333335
30,11,jˈar,0.512,0.256,0.5
30,12,fˈiji,0.48,0.512,1.0666666666666667
30,13,"nˈoʃtɾi,",0.48,0.608,1.2666666666666666
30,14,fetˈele,0.48,0.288,0.6
30,15,nˌɔastɾe,0.48,0.48,1.0
30,16,ʃi,0.48,0.512,1.0666666666666667
30,17,sotsˈiɪle,0.512,0.512,1.0
30,18,nˌɔastɾe,0.48,0.416,0.8666666666666667
30,19,se,0.48,0.256,0.5333333333333333
30,20,ˈaflə,0.48,0.512,1.0666666666666667
30,21,ɨn,0.48,0.544,1.1333333333333335
30,22,kˌaptivitˈate.,0.512,0.544,1.0625
31,0,ɨn,0.352,0.288,0.8181818181818181
31,1,tˈimp,0.352,0.288,0.8181818181818181
31,2,tʃe,0.352,0.352,1.0
31,3,ˈɨnkə,0.352,0.288,0.8181818181818181
31,4,vorbˈea,0.352,0.416,1.1818181818181819
31,5,ku,0.352,0.32,0.9090909090909092
31,6,"jˈeɪ,",0.352,0.352,1.0
31,7,jˈatə,0.352,0.352,1.0
31,8,kə,0.352,0.352,1.0
31,9,mˌesadʒˈerul,0.352,0.288,0.8181818181818181
31,10,a,0.352,0.352,1.0
31,11,aʒˈuns,0.352,0.384,1.090909090909091
31,12,la,0.352,0.448,1.272727272727273
31,13,jel,0.352,0.352,1.0
31,14,ʃʲa,0.352,0.128,0.36363636363636365
31,15,"zˈis,",0.352,0.096,0.27272727272727276
31,16,"jˈatə,",0.352,0.384,1.090909090909091
31,17,atʃˌest,0.352,0.096,0.27272727272727276
31,18,dezˈastɾu,0.352,0.32,0.9090909090909092
31,19,vˈine,0.352,0.416,1.1818181818181819
31,20,dˌela,0.352,0.416,1.1818181818181819
31,21,"dˈomnul,",0.352,0.384,1.090909090909091
31,22,de,0.352,0.384,1.090909090909091
31,23,tʃe,0.352,0.352,1.0
31,24,səl,0.352,0.384,1.090909090909091
31,25,maɪ,0.352,0.32,0.9090909090909092
31,26,aʃtˈept,0.352,0.288,0.8181818181818181
31,27,pe,0.352,0.352,1.0
31,28,dˈomnul?,0.352,0.352,1.0
32,0,ˌaʊtoɾˌitətsʲˈile,0.512,0.544,1.0625
32,1,sˌesizˈate,0.544,0.608,1.1176470588235292
32,2,de,0.544,0.736,1.352941176470588
32,3,dˈodʒe,0.544,0.32,0.5882352941176471
32,4,dˌeskisesˈeɾə,0.544,0.48,0.8823529411764705
32,5,o,0.512,0.928,1.8125
32,6,"ankˈetə,",0.544,0.608,1.1176470588235292
32,7,dˌeskopeɾˈind,0.544,0.416,0.7647058823529411
32,8,ɨn,0.544,0.576,1.0588235294117645
32,9,mikˈele,0.544,0.48,0.8823529411764705
32,10,stˈeno,0.512,0.384,0.75
32,11,pe,0.544,0.384,0.7058823529411764
32,12,aʊtˈorul,0.544,0.48,0.8823529411764705
32,13,ˌinʒuɾjɔˈaselor,0.544,0.384,0.7058823529411764
32,14,versˈurʲ.,0.544,1.792,3.2941176470588234
33,0,"mehmˈed,",0.32,0.256,0.8
33,1,kˌaɾe,0.32,0.288,0.8999999999999999
33,2,se,0.32,0.256,0.8
33,3,pɾˌeɡətˈea,0.32,0.384,1.2
33,4,tˌokmaɪ,0.32,0.352,1.0999999999999999
33,5,sə,0.32,0.32,1.0
33,6,"ˌɨnkalˈetʃe,",0.32,0.352,1.0999999999999999
33,7,ɨl,0.32,0.32,1.0
33,8,aʃtˈeptə,0.32,0.288,0.8999999999999999
33,9,stˈɨnd,0.32,0.352,1.0999999999999999
33,10,ku,0.32,0.352,1.0999999999999999
33,11,pitʃˈorul,0.32,0.416,1.2999999999999998
33,12,stˈɨŋɡ,0.32,0.416,1.2999999999999998
33,13,ɨn,0.32,0.704,2.1999999999999997
33,14,skˈaɾə.,0.32,0.352,1.0999999999999999
34,0,flˈota,0.384,0.384,1.0
34,1,mˌilitˈaɾə,0.384,0.416,1.0833333333333333
34,2,nu,0.384,0.448,1.1666666666666667
34,3,ne,0.384,0.416,1.0833333333333333
34,4,fˌatʃe,0.384,0.544,1.4166666666666667
34,5,delˈok,0.384,0.384,1.0
34,6,"tʃˈinste.""",0.384,0.384,1.0
34,7,pe,0.384,0.384,1.0
34,8,sektˈorul,0.416,0.704,1.6923076923076923
34,9,rˈyʊluɪ,0.384,0.448,1.1666666666666667
34,10,"lˈikus,",0.384,0.416,1.0833333333333333
34,11,ˌinspektˈat,0.384,0.48,1.25
34,12,de,0.384,0.448,1.1666666666666667
34,13,reʃˈat,0.384,0.48,1.25
34,14,"nˈurʲ,",0.384,0.384,1.0
34,15,luptˈele,0.384,0.576,1.4999999999999998
34,16,se,0.384,0.512,1.3333333333333333
34,17,sfˌɨrʃisˈeɾə.,0.416,0.544,1.307692307692308
35,0,pˌopɔaɾˈele,0.448,0.48,1.0714285714285714
35,1,mˈaɾʲʲ,0.448,0.48,1.0714285714285714
35,2,ʃi,0.448,0.896,2.0
35,3,putˈernitʃˌe,0.448,0.576,1.2857142857142856
35,4,sunt,0.48,0.448,0.9333333333333333
35,5,dˌesemnˈate,0.448,0.288,0.6428571428571428
35,6,de,0.448,0.512,1.1428571428571428
35,7,pɾˌovidˈentsə,0.448,0.48,1.0714285714285714
35,8,sə,0.448,0.544,1.2142857142857144
35,9,subʒˈudʒe,0.48,0.544,1.1333333333333335
35,10,pe,0.448,0.512,1.1428571428571428
35,11,tʃele,0.448,0.864,1.9285714285714286
35,12,slˈabe,0.448,0.096,0.21428571428571427
35,13,dˌekadˈente.,0.48,0.192,0.4
36,0,redʒˈina,0.288,0.384,1.3333333333333335
36,1,va,0.32,0.32,1.0
36,2,avˌea,0.288,0.352,1.2222222222222223
36,3,ɡɾˈiʒə,0.32,0.384,1.2
36,4,sə,0.32,0.32,1.0
36,5,dˌetermˈine,0.288,0.256,0.888888888888889
36,6,pe,0.32,0.16,0.5
36,7,sˌuveɾˈan,0.288,0.224,0.7777777777777779
36,8,a,0.32,0.224,0.7
36,9,ˌɨndɾeptˈa,0.32,0.096,0.3
36,10,spɾˈe,0.288,0.224,0.7777777777777779
36,11,kˌonstantˌinopˈole,0.32,0.352,1.0999999999999999
36,12,tɾupˈele,0.288,0.32,1.1111111111111112
36,13,pe,0.32,0.32,1.0
36,14,kˌaɾe,0.32,0.288,0.8999999999999999
36,15,loʊˈis,0.288,0.256,0.888888888888889
36,16,dorlˈeans,0.32,0.16,0.5
36,17,vojˈa,0.288,0.896,3.1111111111111116
36,18,sə,0.32,0.672,2.1
36,19,le,0.32,0.32,1.0
36,20,fˌolosˈeaskə,0.288,0.384,1.3333333333333335
36,21,spɾˈe,0.32,0.448,1.4
36,22,ˌaʃʲʲ,0.288,0.416,1.4444444444444444
36,23,duɾˈa,0.32,0.384,1.2
36,24,un,0.32,0.448,1.4
36,25,reɡˈat,0.288,0.32,1.1111111111111112
36,26,ɨn,0.32,0.32,1.0
36,27,itˈalja.,0.32,0.576,1.7999999999999998
37,0,fɾˈontul,0.32,0.416,1.2999999999999998
37,1,"turtʃˈesk,",0.352,0.384,1.090909090909091
37,2,"adˈɨnk,",0.352,0.224,0.6363636363636365
37,3,apɾˈɔape,0.352,0.32,0.9090909090909092
37,4,de,0.352,0.64,1.8181818181818183
37,5,tɾˈeɪ.zˈeɾozˈeɾo,0.352,0.64,1.8181818181818183
37,6,"zˈeɾo,",0.352,0.64,1.8181818181818183
37,7,la,0.352,0.48,1.3636363636363638
37,8,kˌaɾe,0.352,0.576,1.6363636363636362
37,9,se,0.352,0.384,1.090909090909091
37,10,ˌadəʊɡˈaʊ,0.352,0.448,1.272727272727273
37,11,rezervˈele,0.352,0.288,0.8181818181818181
37,12,plasˈate,0.32,0.352,1.0999999999999999
37,13,pe,0.352,0.448,1.272727272727273
37,14,pozˈitsiɪ,0.352,0.512,1.4545454545454546
37,15,pˌotɾivˈite,0.352,0.416,1.1818181818181819
37,16,spɾˈe,0.352,0.384,1.090909090909091
37,17,a,0.352,0.448,1.272727272727273
37,18,fˈiʲ,0.352,0.576,1.6363636363636362
37,19,ˌaɾunkˈate,0.352,0.384,1.090909090909091
37,20,ɨn,0.352,0.288,0.8181818181818181
37,21,lˈuptə,0.352,0.16,0.4545454545454546
37,22,akˈolo,0.352,0.288,0.8181818181818181
37,23,ˈunde,0.352,0.416,1.1818181818181819
37,24,va,0.352,0.384,1.090909090909091
37,25,fˈi,0.32,0.352,1.0999999999999999
37,26,"nevˈoje,",0.352,0.512,1.4545454545454546
37,27,vibɾˈa,0.352,0.256,0.7272727272727273
37,28,ka,0.352,0.352,1.0
37,29,o,0.352,0.288,0.8181818181818181
37,30,fˌantastˈikə,0.352,0.32,0.9090909090909092
37,31,ˈorɡə,0.352,0.416,1.1818181818181819
37,32,ku,0.352,0.128,0.36363636363636365
37,33,tˈɔate,0.352,0.32,0.9090909090909092
37,34,klapˈele,0.352,0.32,0.9090909090909092
37,35,ˌapəsˈate,0.352,0.416,1.1818181818181819
37,36,ɨn,0.352,0.672,1.9090909090909094
37,37,plˈin.,0.352,0.32,0.9090909090909092
38,0,"riɡˈas,",0.416,0.32,0.7692307692307693
38,1,kˌomandˈantul,0.416,0.16,0.38461538461538464
38,2,"ˌarsenˈaluluɪ,",0.416,0.288,0.6923076923076923
38,3,dˌeklaɾˈase,0.448,0.48,1.0714285714285714
38,4,kə,0.416,0.48,1.153846153846154
38,5,nu,0.416,0.608,1.4615384615384617
38,6,pˌɔate,0.448,0.608,1.357142857142857
38,7,ˌasiɡuɾˈa,0.416,0.544,1.307692307692308
38,8,fəʊɾˈiɾea,0.416,0.448,1.076923076923077
38,9,tunˈurilor,0.448,0.416,0.9285714285714285
38,10,sˌolitʃitˈate,0.416,0.672,1.6153846153846156
38,11,fˈiɪndkə,0.416,0.576,1.3846153846153846
38,12,nu,0.448,0.992,2.2142857142857144
38,13,dispˈunea,0.416,0.48,1.153846153846154
38,14,de,0.416,0.416,1.0
38,15,kˌantitətsʲˈile,0.448,0.48,1.0714285714285714
38,16,de,0.416,0.448,1.076923076923077
38,17,bɾˈonz,0.416,0.48,1.153846153846154
38,18,nˌetʃesˈaɾe.,0.448,0.448,1.0
39,0,ˈɨntrun,0.32,0.32,1.0
39,1,intɾˈɨnd,0.352,0.256,0.7272727272727273
39,2,al,0.32,0.288,0.8999999999999999
39,3,"fˌortifˌikatsˈiɪlor,",0.352,0.352,1.0
39,4,o,0.32,0.288,0.8999999999999999
39,5,mˈɨnə,0.352,0.352,1.0
39,6,de,0.32,0.288,0.8999999999999999
39,7,"rˈomeɪ,",0.352,0.416,1.1818181818181819
39,8,sə,0.32,0.32,1.0
39,9,tˈot,0.352,0.64,1.8181818181818183
39,10,fˈi,0.32,0.448,1.4
39,11,fost,0.352,0.224,0.6363636363636365
39,12,zˈetʃe,0.352,0.192,0.5454545454545455
39,13,saʊ,0.32,0.128,0.4
39,14,"tʃˈinspɾezˌetʃe,",0.352,0.192,0.5454545454545455
39,15,kontˈinwə,0.32,0.256,0.8
39,16,sə,0.352,0.64,1.8181818181818183
39,17,se,0.32,0.512,1.6
39,18,"bˈatə,",0.352,0.512,1.4545454545454546
39,19,tsinˈɨnd,0.32,0.288,0.8999999999999999
39,20,pjˈept,0.352,1.056,3.0000000000000004
39,21,ˌunuɪ,0.32,0.32,1.0
39,22,ɨntɾˈeɡ,0.352,0.416,1.1818181818181819
39,23,dˌivizjˈon,0.32,0.384,1.2
39,24,de,0.352,0.48,1.3636363636363638
39,25,ɡˈardə.,0.352,0.544,1.5454545454545456
40,0,la,0.32,0.384,1.2
40,1,ˌapaɾˈitsja,0.352,0.448,1.272727272727273
40,2,luɪ,0.352,0.384,1.090909090909091
40,3,"mˌalatˈesta,",0.352,0.864,2.4545454545454546
40,4,fɾˈa,0.352,0.576,1.6363636363636362
40,5,dʒjovˈannʲʲ,0.32,0.384,1.2
40,6,se,0.352,0.384,1.090909090909091
40,7,rˌidikˈa,0.352,0.48,1.3636363636363638
40,8,de,0.352,0.448,1.272727272727273
40,9,pe,0.352,0.512,1.4545454545454546
40,10,skˈaʊnul,0.352,0.416,1.1818181818181819
40,11,ɨn,0.32,0.32,1.0
40,12,fˈormə,0.352,0.352,1.0
40,13,de,0.352,0.448,1.272727272727273
40,14,ˈiks,0.352,0.48,1.3636363636363638
40,15,"ʃi,",0.352,0.512,1.4545454545454546
40,16,tsinˈɨnduʃʲ,0.32,0.32,1.0
40,17,myɪnʲˈile,0.352,0.384,1.090909090909091
40,18,ˌɨmpɾeunˈate,0.352,0.448,1.272727272727273
40,19,ɨn,0.352,0.288,0.8181818181818181
40,20,dɾˈeptul,0.352,0.352,1.0
40,21,"pjˈeptuluɪ,",0.352,0.352,1.0
40,22,ɨnklˈinə,0.32,0.416,1.2999999999999998
40,23,onktwˈos,0.352,0.576,1.6363636363636362
40,24,din,0.352,0.416,1.1818181818181819
40,25,kˈap.,0.352,0.448,1.272727272727273
40,26,avˌea,0.352,0.352,1.0
40,27,pɾivˈiɾea,0.32,0.224,0.7
40,28,"rˈetʃe,",0.352,0.48,1.3636363636363638
40,29,obɾˈazul,0.352,0.352,1.0
40,30,"pəmˈɨntiʊ,",0.352,0.352,1.0
40,31,ɡˈuɾa,0.352,0.384,1.090909090909091
40,32,kərnˈɔasə.,0.352,0.416,1.1818181818181819
41,0,"tˌotodˈatə,",0.48,0.512,1.0666666666666667
41,1,jeɾˌaʊ,0.512,0.576,1.125
41,2,silˈitsʲʲ,0.48,0.544,1.1333333333333335
41,3,sə,0.512,0.864,1.6875
41,4,ˌɨmbɾətsiʃˈeze,0.512,0.64,1.25
41,5,relidʒˈiʲa,0.48,0.576,1.2
41,6,"mˌahomedˈanə,",0.512,0.64,1.25
41,7,fiʲˈind,0.512,0.672,1.3125
41,8,supˈuʃʲʲ,0.48,0.576,1.2
41,9,ˌopeɾatsˈiʲeɪ,0.512,0.544,1.0625
41,10,tʃˌirkumtʃizjˈuniɪ.,0.512,0.608,1.1875
42,0,ɨn,0.448,0.48,1.0714285714285714
42,1,atʃˌest,0.448,0.448,1.0
42,2,"tˈimp,",0.48,0.64,1.3333333333333335
42,3,hˈenriʲ,0.448,0.288,0.6428571428571428
42,4,aɾˈunka,0.448,0.448,1.0
42,5,pɾivˈiɾʲʲ,0.48,0.576,1.2
42,6,"pjezˈiʃe,",0.448,0.672,1.5
42,7,bˌənwitˈɔaɾe,0.448,0.352,0.7857142857142857
42,8,asˈupɾa,0.48,0.576,1.2
42,9,ˌɨnsutsitˈoruluɪ,0.448,0.704,1.5714285714285714
42,10,sˈəʊ.,0.48,0.544,1.1333333333333335
43,0,din,0.384,0.48,1.25
43,1,ˌadɨnkˈurile,0.384,0.608,1.5833333333333333
43,2,lor,0.384,0.448,1.1666666666666667
43,3,se,0.384,0.352,0.9166666666666666
43,4,rˌidikˈa,0.384,0.352,0.9166666666666666
43,5,o,0.384,0.384,1.0
43,6,rəkˈɔaɾe,0.384,0.672,1.75
43,7,"tʃudˈatə,",0.384,0.384,1.0
43,8,"ˈumedˌə,",0.384,0.384,1.0
43,9,"nˌesənətˈɔasə,",0.384,0.416,1.0833333333333333
43,10,kˌaɾe,0.384,0.256,0.6666666666666666
43,11,kontɾˈasta,0.384,0.416,1.0833333333333333
43,12,ku,0.384,0.384,1.0
43,13,zˌəpuʃˈeala,0.384,0.352,0.9166666666666666
43,14,de,0.384,0.384,1.0
43,15,pe,0.384,0.416,1.0833333333333333
43,16,kˈulmʲʲ.,0.416,0.512,1.2307692307692308
44,0,pˌentɾu,0.384,0.512,1.3333333333333333
44,1,"karlˈes,",0.416,0.448,1.076923076923077
44,2,asˈemenˌea,0.416,0.48,1.153846153846154
44,3,ˌastʃensjˈunʲʲ,0.416,0.48,1.153846153846154
44,4,metˈeoɾitʃˌe,0.384,0.48,1.25
44,5,urmˈate,0.416,0.576,1.3846153846153846
44,6,de,0.416,0.448,1.076923076923077
44,7,pɾˌəbuʃˈiɾʲʲ,0.416,0.672,1.6153846153846156
44,8,spˌektakulˈɔase,0.384,0.48,1.25
44,9,nu,0.416,0.48,1.153846153846154
44,10,repɾˌezentˈaʊ,0.416,0.32,0.7692307692307693
44,11,o,0.416,0.544,1.307692307692308
44,12,rˌaɾitˈate.,0.416,0.448,1.076923076923077
45,0,dˈupə,0.352,0.48,1.3636363636363638
45,1,tʃe,0.352,0.416,1.1818181818181819
45,2,dˌepəʃʲˈi,0.384,0.48,1.25
45,3,baɾjˈeɾa,0.352,0.512,1.4545454545454546
45,4,zidˈurilor,0.352,0.512,1.4545454545454546
45,5,ʃi,0.384,0.96,2.5
45,6,pətɾˈunse,0.352,0.416,1.1818181818181819
45,7,ˈɨntɾo,0.384,0.352,0.9166666666666666
45,8,pjˈatsə,0.352,0.352,1.0
45,9,lˈarɡə,0.352,0.384,1.090909090909091
45,10,ku,0.384,0.48,1.25
45,11,mˈulte,0.352,0.192,0.5454545454545455
45,12,kˈase,0.384,0.48,1.25
45,13,"ˌɨmpɾeʒˈur,",0.352,0.576,1.6363636363636362
45,14,ˌɨntʃerkˈə,0.352,0.48,1.3636363636363638
45,15,o,0.384,0.576,1.4999999999999998
45,16,mˈaɾe,0.352,0.32,0.9090909090909092
45,17,"dˌezamədʒˈiɾe,",0.352,0.672,1.9090909090909094
45,18,dar,0.384,0.384,1.0
45,19,ʃiʲ,0.352,0.256,0.7272727272727273
45,20,o,0.384,0.48,1.25
45,21,mɨnˈiʲe,0.352,0.448,1.272727272727273
45,22,nˌeputintʃˈɔasə,0.352,0.448,1.272727272727273
45,23,ˌɨmpotɾˈiva,0.384,0.352,0.9166666666666666
45,24,"ˌindolˈentseɪ,",0.352,0.352,1.0
45,25,a,0.384,0.544,1.4166666666666667
45,26,nˌepəsəɾˈiɪ,0.352,0.32,0.9090909090909092
45,27,de,0.352,0.416,1.1818181818181819
45,28,kˌaɾe,0.384,0.768,2.0
45,29,rededˈuse,0.352,0.8,2.272727272727273
45,30,dovˈadə.,0.384,0.512,1.3333333333333333
46,0,"ˌɨntɨmplətˈor,",0.32,0.384,1.2
46,1,obsˈervə,0.32,0.384,1.2
46,2,la,0.32,0.032,0.1
46,3,mˈɨna,0.352,0.32,0.9090909090909092
46,4,ˌunuɪ,0.32,0.352,1.0999999999999999
46,5,bərbˈat,0.32,0.384,1.2
46,6,ˌɨnləntswˈit,0.32,0.32,1.0
46,7,alˈəturʲ,0.352,0.32,0.9090909090909092
46,8,de,0.32,0.352,1.0999999999999999
46,9,pɾˌeʃedintˈele,0.32,0.48,1.5
46,10,senˈatuluɪ,0.32,0.448,1.4
46,11,pɾopɾˈiʊl,0.352,0.384,1.090909090909091
46,12,səʊ,0.32,0.128,0.4
46,13,"inˈel,",0.32,0.352,1.0999999999999999
46,14,kˌaɾe,0.32,0.352,1.0999999999999999
46,15,ˌɨi,0.352,0.48,1.3636363636363638
46,16,fusˈese,0.32,0.416,1.2999999999999998
46,17,fuɾˈat,0.32,0.352,1.0999999999999999
46,18,ɨn,0.32,0.352,1.0999999999999999
46,19,atʃˌea,0.352,0.448,1.272727272727273
46,20,nˈɔapte,0.32,0.352,1.0999999999999999
46,21,de,0.32,0.416,1.2999999999999998
46,22,ɡɾˈɔazə.,0.352,0.384,1.090909090909091
47,0,"""dˌakə",0.352,0.352,1.0
47,1,va,0.384,0.352,0.9166666666666666
47,2,kədˈea,0.384,0.352,0.9166666666666666
47,3,kˌonstantˌinopolˈele,0.384,0.416,1.0833333333333333
47,4,ruʃˈinea,0.384,0.256,0.6666666666666666
47,5,de,0.352,0.352,1.0
47,6,pe,0.384,0.512,1.3333333333333333
47,7,obɾˈazul,0.384,0.48,1.25
47,8,"kɾˌeʃtinətˈətsiɪ,",0.384,0.448,1.1666666666666667
47,9,nu,0.384,0.352,0.9166666666666666
47,10,se,0.384,0.512,1.3333333333333333
47,11,va,0.352,0.384,1.090909090909091
47,12,ʃtˈerdʒe,0.384,0.352,0.9166666666666666
47,13,ɨn,0.384,0.288,0.7499999999999999
47,14,vˈeakul,0.384,0.288,0.7499999999999999
47,15,"veakˈurilor.""",0.384,0.384,1.0
47,16,pˈapa,0.384,0.384,1.0
47,17,se,0.352,0.832,2.3636363636363638
47,18,rˌəsutʃˈi,0.384,0.416,1.0833333333333333
47,19,pe,0.384,0.48,1.25
47,20,kəlˈəkyɪˌe,0.384,0.8,2.0833333333333335
47,21,ku,0.384,0.672,1.75
47,22,o,0.384,0.608,1.5833333333333333
47,23,vjˌoitʃˈune,0.352,0.608,1.7272727272727273
47,24,kˌaɾe,0.384,0.256,0.6666666666666666
47,25,ˌɨi,0.384,0.8,2.0833333333333335
47,26,dˌezmintsˈeaw,0.384,0.64,1.6666666666666667
47,27,vˈɨrsta,0.384,0.224,0.5833333333333334
47,28,ˌɨnaɪntˈatə.,0.384,0.544,1.4166666666666667
